ANSSI-BP28-R7,SEAPATH-00030
ANSSI-BP28-R7,SEAPATH-00031
ANSSI-BP28-R7,SEAPATH-00032
ANSSI-BP28-R7,SEAPATH-00050
ANSSI-BP28-R10,SEAPATH-00109
ANSSI-BP28-R10,SEAPATH-00192
ANSSI-BP28-R36,SEAPATH-00146
ANSSI-BP28-R37,SEAPATH-00005
ANSSI-BP28-R37,SEAPATH-00084
ANSSI-BP28-R37,SEAPATH-00085
ANSSI-BP28-R37,SEAPATH-00086
ANSSI-BP28-R37,SEAPATH-00125
ANSSI-BP28-R37,SEAPATH-00126
ANSSI-BP28-R37,SEAPATH-00127
ANSSI-BP28-R38,SEAPATH-00104
ANSSI-BP28-R41,SEAPATH-00152
ANSSI-BP28-R57,SEAPATH-00105
ANSSI-BP28-R64,SEAPATH-00004
ANSSI-BP28-R64,SEAPATH-00005
ANSSI-BP28-R64,SEAPATH-00085
ANSSI-BP28-R64,SEAPATH-00086
ANSSI-BP28-R71,SEAPATH-00082
ANSSI-BP28-R71,SEAPATH-00083
ANSSI-BP28-R71,SEAPATH-00084
ANSSI-BP28-R73,SEAPATH-00006
ANSSI-BP28-R73,SEAPATH-00027
ANSSI-BP28-R78,SEAPATH-00039
ANSSI-BP28-R78,SEAPATH-00040
ANSSI-BP28-R78,SEAPATH-00041
ANSSI-BP28-R78,SEAPATH-00042
ANSSI-BP28-R78,SEAPATH-00043
ANSSI-BP28-R78,SEAPATH-00085
ANSSI-BP28-R78,SEAPATH-00086
