ANSSI-BP28-R30,SEAPATH-00033
ANSSI-BP28-R30,SEAPATH-00034
ANSSI-BP28-R30,SEAPATH-00046
ANSSI-BP28-R30,SEAPATH-00047
ANSSI-BP28-R30,SEAPATH-00048
ANSSI-BP28-R31,SEAPATH-00088
ANSSI-BP28-R31,SEAPATH-00089
ANSSI-BP28-R31,SEAPATH-00091
ANSSI-BP28-R54,SEAPATH-00193
ANSSI-BP28-R54,SEAPATH-00194
ANSSI-BP28-R54,SEAPATH-00195
ANSSI-BP28-R68,SEAPATH-00091
ANSSI-BP28-R68,SEAPATH-00095
ANSSI-BP28-R68,SEAPATH-00096
ANSSI-BP28-R68,SEAPATH-00097
ANSSI-BP28-R80,SEAPATH-00003
ANSSI-BP28-R80,SEAPATH-00020
ANSSI-BP28-R80,SEAPATH-00035
ANSSI-BP28-R80,SEAPATH-00083
ANSSI-BP28-R80,SEAPATH-00125
ANSSI-BP28-R80,SEAPATH-00126
ANSSI-BP28-R80,SEAPATH-00127
