ANSSI-BP28-R1,SEAPATH-00015
ANSSI-BP28-R1,SEAPATH-00017
ANSSI-BP28-R1,SEAPATH-00028
ANSSI-BP28-R1,SEAPATH-00030
ANSSI-BP28-R1,SEAPATH-00031
ANSSI-BP28-R1,SEAPATH-00032
ANSSI-BP28-R1,SEAPATH-00050
ANSSI-BP28-R9,SEAPATH-00109
ANSSI-BP28-R9,SEAPATH-00176
ANSSI-BP28-R9,SEAPATH-00177
ANSSI-BP28-R9,SEAPATH-00178
ANSSI-BP28-R9,SEAPATH-00179
ANSSI-BP28-R9,SEAPATH-00180
ANSSI-BP28-R9,SEAPATH-00181
ANSSI-BP28-R9,SEAPATH-00182
ANSSI-BP28-R9,SEAPATH-00183
ANSSI-BP28-R9,SEAPATH-00184
ANSSI-BP28-R9,SEAPATH-00185
ANSSI-BP28-R11,SEAPATH-00050
ANSSI-BP28-R11,SEAPATH-00109
ANSSI-BP28-R11,SEAPATH-00186
ANSSI-BP28-R12,SEAPATH-00109
ANSSI-BP28-R13,SEAPATH-00109
ANSSI-BP28-R14,SEAPATH-00109
ANSSI-BP28-R14,SEAPATH-00187
ANSSI-BP28-R14,SEAPATH-00188
ANSSI-BP28-R14,SEAPATH-00189
ANSSI-BP28-R14,SEAPATH-00190
ANSSI-BP28-R14,SEAPATH-00191
ANSSI-BP28-R28,SEAPATH-00082
ANSSI-BP28-R28,SEAPATH-00140
ANSSI-BP28-R28,SEAPATH-00141
ANSSI-BP28-R32,SEAPATH-00092
ANSSI-BP28-R32,SEAPATH-00094
ANSSI-BP28-R34,SEAPATH-00033
ANSSI-BP28-R34,SEAPATH-00034
ANSSI-BP28-R34,SEAPATH-00046
ANSSI-BP28-R34,SEAPATH-00047
ANSSI-BP28-R34,SEAPATH-00048
ANSSI-BP28-R35,SEAPATH-00033
ANSSI-BP28-R35,SEAPATH-00034
ANSSI-BP28-R35,SEAPATH-00039
ANSSI-BP28-R35,SEAPATH-00046
ANSSI-BP28-R35,SEAPATH-00047
ANSSI-BP28-R35,SEAPATH-00048
ANSSI-BP28-R39,SEAPATH-00143
ANSSI-BP28-R39,SEAPATH-00144
ANSSI-BP28-R39,SEAPATH-00145
ANSSI-BP28-R39,SEAPATH-00146
ANSSI-BP28-R39,SEAPATH-00147
ANSSI-BP28-R39,SEAPATH-00148
ANSSI-BP28-R39,SEAPATH-00149
ANSSI-BP28-R40,SEAPATH-00151
ANSSI-BP28-R42,SEAPATH-00153
ANSSI-BP28-R43,SEAPATH-00154
ANSSI-BP28-R43,SEAPATH-00155
ANSSI-BP28-R44,SEAPATH-00156
ANSSI-BP28-R50,SEAPATH-00044
ANSSI-BP28-R50,SEAPATH-00045
ANSSI-BP28-R50,SEAPATH-00049
ANSSI-BP28-R50,SEAPATH-00090
ANSSI-BP28-R50,SEAPATH-00106
ANSSI-BP28-R50,SEAPATH-00107
ANSSI-BP28-R50,SEAPATH-00108
ANSSI-BP28-R50,SEAPATH-00156
ANSSI-BP28-R52,SEAPATH-00040
ANSSI-BP28-R52,SEAPATH-00041
ANSSI-BP28-R79,SEAPATH-00004
ANSSI-BP28-R79,SEAPATH-00005
ANSSI-BP28-R79,SEAPATH-00023
ANSSI-BP28-R79,SEAPATH-00085
ANSSI-BP28-R79,SEAPATH-00086
